Emir Mujačić;Prva vijest;Ovdje je nesto nasarano nastavak teksta;07.12.2016 17:54:17;images.jpg;
Emir Mujačić;Druga vijest;Ovdje je nesto nasarano nastavak teksta;07.12.2016 17:54:17;images.jpg;
Emir Mujačić;Treća vijest;Ovdje je nesto nasarano nastavak teksta;07.12.2016 17:54:17;images.jpg;
Emir Mujačić;Cetvrta vijest;Ovdje je nesto nasarano nastavak teksta;07.12.2016 17:54:17;images.jpg;
Emir Mujačić;Peta vijest;Ovdje je nesto nasarano nastavak teksta;07.12.2016 17:54:17;images.jpg;
Emir Mujačić;Sesta vijest;Ovdje je nesto nasarano nastavak teksta;07.12.2016 17:54:17;images.jpg;
Emir Mujačić;Sedma vijest;Ovdje je nesto nasarano nastavak teksta;07.12.2016 17:54:17;images.jpg;
Emir Mujačić;Osma vijest;Ovdje je nesto nasarano nastavak teksta;07.12.2016 17:54:17;images.jpg;
Emir Mujačić;Deveta vijest;Ovdje je nesto nasarano nastavak teksta;07.12.2016 17:54:17;images.jpg;
Emir Mujačić;Deseta vijest;Ovdje je nesto nasarano nastavak teksta;07.12.2016 17:54:17;images.jpg;
Emir Mujačić;Jedanesta vijest;Ovdje je nesto nasarano nastavak teksta;07.12.2016 17:54:17;images.jpg;
Emir Mujačić;Dvanesta vijest;Ovdje je nesto nasarano nastavak teksta;07.12.2016 17:54:17;images.jpg;
